
{

	"metadata" :
	{
		"formatVersion" : 3.1,
		"generatedBy"   : "Blender 2.65 Exporter",
		"vertices"      : 7661,
		"faces"         : 0,
		"normals"       : 0,
		"colors"        : 0,
		"uvs"           : [],
		"materials"     : 1,
		"morphTargets"  : 0,
		"bones"         : 0
	},

	"scale" : 1.000000,

  "materials" : [],

	"vertices" : [0,0,-1,0,0,-1,0,0,-1,0,0,-1,0,0,-1,0,0,-0.999969,0,0,-1,0,0,-1,0,0,-1,0,0,-1,0,0,-1,0,0,-1,0,0,-1,0,0,-1,0,0,-0.999969,0,0,-1,0,0,-0.999969,0,0,-1,0,0,-0.999969,0,0,-0.999969,0,0,-1,0,0,-1,0,0,-1,0,0,-1,0,0,-1,0,0,-1,0,0,-0.999969,0,0,-0.999969,0,0,-1,0,0,-1,0,0,-1,0,0,-0.999969,0,0,-1,0,0,-1,0,0,-0.999969,0,0,-0.999969,0,0,-1,0,0,-0.999969,0,0,-1,0,0,-1,0,0,-1,0,0,-1,0,0,-1,0,0,-1,0,0,-0.999969,0,0,-1,0,0,-0.999969,0,0,-0.999969,0,0,-1,0,0,-1,0,0,-0.999969,0,0,-1,0,0,-1,0,0,-1,0,0,-1,0,0,-1,0,0,-1,0,0,-1,0,0,-1,0,0,-1,0,0,-0.999969,0,0,-1,0,0,-0.999969,0,0,-1,0,0,-1,0,0,-1,0,0,-1,0,0,-1,0,0,-1,0,0,-0.999969,0,0,-1,0,0,-1,0,0,-0.999969,0,0,-1,0,0,-1,0,0,-0.999969,0,0,-1,0,0,-1,0,0,-1,0,0,-1,0,0,-1,0,0,-1,0,0,1,0,0,1,0,0,1,0,0,1,0,0,1,0,0,1,0,0,1,0,0,1,0,0,1,0,0,1,0,0,1,0,0,1,0,0,1,0,0,1,0,0,0.999969,0,0,1,0,0,1,0,0,0.999969,0,0,1,0,0,1,0,0,1,0,0,0.999969,0,0,1,0,0,0.999969,0,0,1,0,0,1,0,0,1,0,0,0.999969,0,0,0.999969,0,0,1,0,0,0.999969,0,0,1,0,0,0.999969,0,0,0.999969,0,0,0.999969,0,0,0.999969,0,0,0.999969,0,0,0.999969,0,0,1,0,0,1,0,0,1,0,0,1,0,0,0.999969,0,0,1,0,0,1,0,0,1,0,0,1,0,0,1,0,0,1,0,0,0.999969,0,0,1,0,0,1,0,0,1,0,0,1,0,0,1,0,0,1,0,0,1,0,0,0.999969,0,0,1,0,0,1,0,0,0.999969,0,0,1,0,0,1,0,0,1,0,0,1,0,0,1,0,0,1,0,0,1,0,0,0.999969,0,0,0.999969,0,0,1,0,0,0.999969,0,0,1,0,0,1,0,0,0.999969,0,0,0.999969,0,0,1,0,0,0.999969,0,0,1,0,0,1,0,0,0.999969,0,0,0.999969,0.110416,-0.993866,0,0.110416,-0.993866,0,0.110416,-0.993866,0,0.110416,-0.993866,0,0.605365,-0.795923,0,0.605365,-0.795923,0,0.605365,-0.795923,0,0.605365,-0.795923,0,0.694937,-0.719047,0,0.694937,-0.719047,0,0.694937,-0.719047,0,0.694937,-0.719047,0,0.752129,-0.658986,0,0.752129,-0.658986,0,0.752129,-0.658986,0,0.752129,-0.658986,0,0.797876,-0.602771,0,0.797876,-0.602771,0,0.797876,-0.602771,0,0.797876,-0.602771,0,0.830439,-0.557085,0,0.830439,-0.557085,0,0.830439,-0.557085,0,0.830439,-0.557085,0,0.861812,-0.507187,0,0.861812,-0.507187,0,0.861812,-0.507187,0,0.861812,-0.507187,0,0.906156,-0.422864,0,0.906156,-0.422864,0,0.906156,-0.422864,0,0.906156,-0.422864,0,0.962493,0.271279,0,0.962493,0.271279,0,0.962493,0.271279,0,0.962493,0.271279,0,0.911863,0.410474,0,0.911863,0.410474,0,0.911863,0.410474,0,0.911863,0.410474,0,0.897549,0.44087,0,0.897549,0.44087,0,0.897549,0.44087,0,0.897549,0.44087,0,0.0260628,0.999634,0,0.0260628,0.999634,0,0.0260628,0.999634,0,0.0260628,0.999634,0,-0.0113224,0.999908,0,-0.0113224,0.999908,0,-0.0113224,0.999908,0,-0.0113224,0.999908,0,-0.153966,0.988067,0,-0.153966,0.988067,0,-0.153966,0.988067,0,-0.153966,0.988067,0,-1,0,0,-1,0,0,-1,0,0,-1,0,0,-0.865413,-0.501022,0,-0.865413,-0.501022,0,-0.865413,-0.501022,0,-0.865413,-0.501022,0,-0.902768,-0.430097,0,-0.902768,-0.430097,0,-0.902768,-0.430097,0,-0.902768,-0.430097,0,-0.883328,-0.468703,0,-0.883328,-0.468703,0,-0.883328,-0.468703,0,-0.883328,-0.468703,0,-0.839869,-0.542772,0,-0.839869,-0.542772,0,-0.839869,-0.542772,0,-0.839869,-0.542772,0,-0.735099,-0.677938,0,-0.735099,-0.677938,0,-0.735099,-0.677938,0,-0.735099,-0.677938,0,0.904538,-0.426344,0,0.904538,-0.426344,0,0.904538,-0.426344,0,0.904538,-0.426344,0,0.00219733,-0.999969,0,0.00219733,-0.999969,0,0.00219733,-0.999969,0,0.00219733,-0.999969,0,-0.896023,-0.443983,0,-0.896023,-0.443983,0,-0.896023,-0.443983,0,-0.896023,-0.443983,0,0,-1,0,0,-1,0,0,-1,0,0,-1,0,0.78457,-0.620014,0,0.78457,-0.620014,0,0.78457,-0.620014,0,0.78457,-0.620014,0,0.742393,-0.669942,0,0.742393,-0.669942,0,0.742393,-0.669942,0,0.742393,-0.669942,0,0,-1,0,0,-0.999969,0,0,-1,0,0,-1,0,-0.747398,-0.664357,0,-0.747398,-0.664357,0,-0.747398,-0.664357,0,-0.747398,-0.664357,0,-0.854091,-0.520096,0,-0.854091,-0.520096,0,-0.854091,-0.520096,0,-0.854091,-0.520096,0,-0.901151,-0.433454,0,-0.901151,-0.433454,0,-0.901151,-0.433454,0,-0.901151,-0.433454,0,-0.913358,-0.407086,0,-0.913358,-0.407086,0,-0.913358,-0.407086,0,-0.913358,-0.407086,0,-0.858333,-0.513077,0,-0.858333,-0.513077,0,-0.858333,-0.513077,0,-0.858333,-0.513077,0,-0.728019,-0.685537,0,-0.728019,-0.685537,0,-0.728019,-0.685537,0,-0.728019,-0.685537,0,-0.449934,-0.893033,0,-0.449934,-0.893033,0,-0.449934,-0.893033,0,-0.449934,-0.893033,0,-0.13361,-0.991028,0,-0.13361,-0.991028,0,-0.13361,-0.991028,0,-0.13361,-0.991028,0,0,-0.999969,0,0,-0.999969,0,0,-1,0,0,-1,0,0.0403455,-0.999176,0,0.0403455,-0.999176,0,0.0403455,-0.999176,0,0.0403455,-0.999176,0,0.115696,-0.993255,0,0.115696,-0.993255,0,0.115696,-0.993255,0,0.115696,-0.993255,0,0.624683,-0.780847,0,0.624683,-0.780847,0,0.624683,-0.780847,0,0.624683,-0.780847,0,0.998596,0.0525224,0,0.998596,0.0525529,0,0.998596,0.0525224,0,0.998596,0.0525529,0,0.945585,0.325327,0,0.945585,0.325327,0,0.945585,0.325327,0,0.945585,0.325327,0,0.923948,0.382427,0,0.923948,0.382427,0,0.923948,0.382427,0,0.923948,0.382427,0,0.909482,0.415662,0,0.909482,0.415662,0,0.909482,0.415662,0,0.909482,0.415662,0,0.856777,0.515641,0,0.856777,0.515641,0,0.856777,0.515641,0,0.856777,0.515641,0,1,0,0,0.999969,0,0,1,0,0,0.999969,0,0,0.780053,-0.62566,0,0.780053,-0.62566,0,0.780053,-0.62566,0,0.780053,-0.62566,0,0.843226,-0.537553,0,0.843226,-0.537553,0,0.843226,-0.537553,0,0.843226,-0.537553,0,0.865322,-0.501175,0,0.865322,-0.501175,0,0.865322,-0.501175,0,0.865322,-0.501175,0,0.912442,-0.409131,0,0.912442,-0.409131,0,0.912442,-0.409131,0,0.912442,-0.409131,0,1,0,0,1,0,0,1,0,0,1,0,0,0.505173,0.863002,0,0.505142,0.863002,0,0.505173,0.863002,0,0.505142,0.863002,0,0.094058,0.995544,0,0.094058,0.995544,0,0.094058,0.995544,0,0.094058,0.995544,0,0.0503555,0.998718,0,0.0503555,0.998718,0,0.0503555,0.998718,0,0.0503555,0.998718,0,0,1,0,0,1,0,0,1,0,0,1,0,-0.0573443,0.998352,0,-0.0573443,0.998352,0,-0.0573443,0.998352,0,-0.0573443,0.998352,0,-0.529984,0.847987,0,-0.529984,0.847987,0,-0.529984,0.847987,0,-0.529984,0.847987,0,-0.808405,0.58861,0,-0.808405,0.58861,0,-0.808405,0.58861,0,-0.808405,0.58861,0,-0.821131,0.570727,0,-0.821131,0.570727,0,-0.821131,0.570727,0,-0.821131,0.570727,0,-0.749474,0.662008,0,-0.749443,0.662008,0,-0.749474,0.662008,0,-0.749443,0.662008,0,-0.242531,0.970122,0,-0.242531,0.970122,0,-0.242531,0.970122,0,-0.242531,0.970122,0,0.898373,0.439192,0,0.898373,0.439192,0,0.898373,0.439192,0,0.898373,0.439192,0,0,0.999969,0,0,0.999969,0,0,1,0,0,1,0,-0.89938,0.437117,0,-0.89938,0.437117,0,-0.89938,0.437117,0,-0.89938,0.437117,0,-0.905972,0.423292,0,-0.905972,0.423292,0,-0.905972,0.423292,0,-0.905972,0.423292,0,-0.920011,0.391827,0,-0.920011,0.391827,0,-0.920011,0.391827,0,-0.920011,0.391827,0,-0.894436,-0.447157,0,-0.894406,-0.447249,0,-0.894436,-0.447157,0,-0.894375,-0.447249,0,-0.231178,-0.9729,0,-0.231178,-0.9729,0,-0.231178,-0.9729,0,-0.231178,-0.9729,0,-0.125034,-0.992126,0,-0.125034,-0.992126,0,-0.125034,-0.992126,0,-0.125034,-0.992126,0,-0.028016,-0.999603,0,-0.028016,-0.999603,0,-0.028016,-0.999603,0,-0.028016,-0.999603,0,0,-1,0,0,-1,0,0,-1,0,0,-1,0,0.00570696,0.999969,0,0.00570696,0.999969,0,0.00570696,0.999969,0,0.00570696,0.999969,0,0.0738548,0.997253,0,0.0738548,0.997253,0,0.0738548,0.997253,0,0.0738548,0.997253,0,0.199286,0.979919,0,0.199286,0.979919,0,0.199286,0.979919,0,0.199286,0.979919,0,1,0,0,1,0,0,1,0,0,1,0,0,0.921812,-0.387585,0,0.921812,-0.387585,0,0.921812,-0.387585,0,0.921812,-0.387585,0,0.900479,-0.434828,0,0.900479,-0.434828,0,0.900479,-0.434828,0,0.900479,-0.434828,0,0.813715,-0.581225,0,0.813715,-0.581225,0,0.813715,-0.581225,0,0.813715,-0.581225,0,0.560045,-0.828425,0,0.560045,-0.828425,0,0.560045,-0.828425,0,0.560045,-0.828425,0,-0.274697,-0.961516,0,-0.274697,-0.961516,0,-0.274697,-0.961516,0,-0.274697,-0.961516,0,-0.754295,-0.656514,0,-0.754295,-0.656514,0,-0.754295,-0.656514,0,-0.754295,-0.656514,0,-0.865932,-0.500107,0,-0.865932,